refnr,titel,firma,text,ort,beruf,veroeffentlichung,homeoffice_api,gehalt_api,vertragsdauer_api,raw
15939-BB-633097-7878-9999-S,Data Analyst im Marineschiffbau (m/w/d),Rheinmetall AG,"Moderne Marineschiffe sind hochkomplexe Systeme, deren Leistungsfähigkeit über Jahrzehnte sichergestellt werden muss. Daten sind dabei der Schlüssel, um Wartung, Ersatzteilversorgung, Betriebskosten und Einsatzbereitschaft optimal zu steuern. Als Data Analyst (m/w/d) im Bereich Integrated Logistics Support (ILS) analysieren Sie technische und logistische Daten über den gesamten Lebenszyklus maritimer Systeme. Mit datengetriebenen Methoden unterstützen Sie fundierte Entscheidungen in Wartung, Instandhaltung und Logistik - und leisten damit einen wichtigen Beitrag zur Einsatzbereitschaft moderner Marineplattformen.

Ihre Aufgaben - vielseitig und zukunftsweisend:

 * Die Erfassung, Analyse und Aufbereitung technischer und logistischer Daten aus Konstruktion, Betrieb und Instandhaltung gehören zu Ihrem Aufgabengebiet.
 * Auf Basis des Integrated Logistics Support (ILS) führen Sie logistische Systemanalysen durch und erstellen entsprechende Berichte. Dies umfasst die Bestimmung von Zuverlässigkeit, Wartungsstrategien, Ersatzteilbedarfen und Lebenszykluskosten (Life Cycle Costing).
 * Durch datengetriebene Methoden identifizieren Sie Optimierungspotenzialen in Wartungs- und Logistikprozessen.
 * Sie bauen Datenmodelle und Auswertungstools auf und entwickeln diese Weiter.
 * Dabei arbeiten Sie stets eng mit der Konstruktion und dem Projektteam zusammen.

* Abgeschlossenes technisches Studium, z.B. (Ingenieurwissenschaften, Data Science, Mathematik oder vergleichbar)
 * Erfahrung in Datenanalyse, Datenmodellierung und Auswertung
 * Erste Erfahrungen mit Fehleranalysen (FMECA) oder Zuverlässigkeits- und Verfügbarkeitsberechnungen mittels Reliability Block Diagrams wünschenswert
 * Erste Erfahrungen mit Lebenszyklusbetrachtungen von technischen Systemen wünschenswert (z.B. mittels OPUS Suite)
 * Fachkenntnisse im technischen Betrieb von Marineschiffen wünschenswert
 * Idealerweise erste Berührungspunkte mit Integrated Logistics Support (ILS) oder technischen Logistikprozessen (insbesondere: S3000L, MIL-STD-1388, S2000M)
 * Sehr gute Kommunikationsfähigkeiten in Deutsch und Englisch
 * Bereitschaft zu Dienstreisen zwischen Hamburg und Bremen (ca. 20%)

An unseren Standorten in Bremen (Vegesack) oder Hamburg bieten wir Ihnen:

 * 35-Stunden-Woche
 * Urlaubs- und Weihnachtsgeld, Sonderzahlungen
 * Betriebliche Altersvorsorge
 * Sportangebote
 * 30 Tage Urlaub
 * Willkommensveranstaltung
 * Weiterbildungs- und Entwicklungsmöglichkeiten
 * Firmenevents
 * Mitarbeiterangebote
 * Deutschlandticket für 37,75 Euro
 * Kostenloses Parken
 * Mobiles Arbeiten
 * Betriebliche Mitarbeiterberatung
 * Jobrad
 * Flexible Arbeitsmodelle",Bremen,Data Scientist,2026-03-18,0.0,KEINE_ANGABEN,UNBEFRISTET,"{'stellenangebotsart': 'ARBEIT', 'stellenangebotsTitel': 'Data Analyst im Marineschiffbau (m/w/d)', 'quereinstiegGeeignet': False, 'stellenangebotsBeschreibung': 'Moderne Marineschiffe sind hochkomplexe Systeme, deren Leistungsfähigkeit über Jahrzehnte sichergestellt werden muss. Daten sind dabei der Schlüssel, um Wartung, Ersatzteilversorgung, Betriebskosten und Einsatzbereitschaft optimal zu steuern. Als Data Analyst (m/w/d) im Bereich Integrated Logistics Support (ILS) analysieren Sie technische und logistische Daten über den gesamten Lebenszyklus maritimer Systeme. Mit datengetriebenen Methoden unterstützen Sie fundierte Entscheidungen in Wartung, Instandhaltung und Logistik - und leisten damit einen wichtigen Beitrag zur Einsatzbereitschaft moderner Marineplattformen.\n\nIhre Aufgaben - vielseitig und zukunftsweisend:\n\n * Die Erfassung, Analyse und Aufbereitung technischer und logistischer Daten aus Konstruktion, Betrieb und Instandhaltung gehören zu Ihrem Aufgabengebiet.\n * Auf Basis des Integrated Logistics Support (ILS) führen Sie logistische Systemanalysen durch und erstellen entsprechende Berichte. Dies umfasst die Bestimmung von Zuverlässigkeit, Wartungsstrategien, Ersatzteilbedarfen und Lebenszykluskosten (Life Cycle Costing).\n * Durch datengetriebene Methoden identifizieren Sie Optimierungspotenzialen in Wartungs- und Logistikprozessen.\n * Sie bauen Datenmodelle und Auswertungstools auf und entwickeln diese Weiter.\n * Dabei arbeiten Sie stets eng mit der Konstruktion und dem Projektteam zusammen.\n\n* Abgeschlossenes technisches Studium, z.B. (Ingenieurwissenschaften, Data Science, Mathematik oder vergleichbar)\n * Erfahrung in Datenanalyse, Datenmodellierung und Auswertung\n * Erste Erfahrungen mit Fehleranalysen (FMECA) oder Zuverlässigkeits- und Verfügbarkeitsberechnungen mittels Reliability Block Diagrams wünschenswert\n * Erste Erfahrungen mit Lebenszyklusbetrachtungen von technischen Systemen wünschenswert (z.B. mittels OPUS Suite)\n * Fachkenntnisse im technischen Betrieb von Marineschiffen wünschenswert\n * Idealerweise erste Berührungspunkte mit Integrated Logistics Support (ILS) oder technischen Logistikprozessen (insbesondere: S3000L, MIL-STD-1388, S2000M)\n * Sehr gute Kommunikationsfähigkeiten in Deutsch und Englisch\n * Bereitschaft zu Dienstreisen zwischen Hamburg und Bremen (ca. 20%)\n\nAn unseren Standorten in Bremen (Vegesack) oder Hamburg bieten wir Ihnen:\n\n * 35-Stunden-Woche\n * Urlaubs- und Weihnachtsgeld, Sonderzahlungen\n * Betriebliche Altersvorsorge\n * Sportangebote\n * 30 Tage Urlaub\n * Willkommensveranstaltung\n * Weiterbildungs- und Entwicklungsmöglichkeiten\n * Firmenevents\n * Mitarbeiterangebote\n * Deutschlandticket für 37,75 Euro\n * Kostenloses Parken\n * Mobiles Arbeiten\n * Betriebliche Mitarbeiterberatung\n * Jobrad\n * Flexible Arbeitsmodelle', 'arbeitszeitSchichtNachtWochenende': False, 'arbeitszeitTeilzeitAbend': False, 'arbeitszeitTeilzeitNachmittag': False, 'arbeitszeitTeilzeitVormittag': False, 'arbeitszeitTeilzeitFlexibel': False, 'arbeitszeitVollzeit': True, 'eintrittszeitraum': {'von': '2026-03-18'}, 'verguetungsangabe': 'KEINE_ANGABEN', 'vertragsdauer': 'UNBEFRISTET', 'istGeringfuegigeBeschaeftigung': False, 'istBehinderungGefordert': False, 'stellenlokationen': [{'adresse': {'plz': '28759', 'ort': 'Bremen', 'region': 'BREMEN', 'land': 'DEUTSCHLAND'}, 'breite': 53.1685573, 'laenge': 8.6540949}], 'homeofficemoeglich': False, 'chiffrenummer': 'DE17883', 'istPrivateArbeitsvermittlung': False, 'istArbeitnehmerUeberlassung': False, 'veroeffentlichungszeitraum': {'von': '2026-03-18'}, 'datumErsteVeroeffentlichung': '2026-03-18', 'aenderungsdatum': '2026-03-19T07:34:21.004', 'istBetreut': True, 'hauptberuf': 'Data Scientist', 'alternativBeruf1': 'Mathematiker/in', 'firma': 'Rheinmetall AG', 'arbeitgeberKundennummerHash': 'mDtoRsc-Vw0swe56F2UrizVz-AWYNSy7i3tzAduv66s=', 'allianzpartnerUrl': 'www.rheinmetall.com', 'allianzpartnerName': 'Rheinmetall AG', 'referenznummer': '15939-BB-633097-7878-9999-S'}"
15939-BB-633095-7878-7490-S,(Senior) Data Analyst - Lifecycle-Analysen im Marineschiffbau (m/w/d),Rheinmetall AG,"Marineschiffe sind hochkomplexe Systeme mit Lebenszyklen von 30 Jahren und mehr. Entscheidungen über Wartung, Ersatzteilstrategie und Logistik wirken sich über Jahrzehnte auf Kosten, Einsatzbereitschaft und Flottenverfügbarkeit aus. Wir suchen einen Senior Data Scientist / Analyst, der genau diese Entscheidungen datenbasiert unterstützt. In dieser Rolle entwickeln Sie Analysen, Modelle und Simulationen, um
Lebenszykluskosten zu verstehen, Ersatzteilstrategien zu optimieren und die Verfügbarkeit komplexer Systeme zu maximieren. Sie arbeiten an der Schnittstelle von Konstruktion, Logistik und Data Science und nutzen moderne Analyse- und Simulationstools - insbesondere OPUS Suite - um aus technischen Daten
belastbare Entscheidungsgrundlagen zu entwickeln. Wenn Sie Freude daran haben, komplexe Systeme zu modellieren, Daten in strategische Erkenntnisse zu übersetzen und reale Auswirkungen auf langfristige Programme zu haben, dann ist diese Rolle für Sie gemacht.

Ihre Aufgaben - vielseitig und zukunftsweisend:

 * Sie analysieren große Mengen an Betriebs-, Wartungs- und Logistikdaten und führen Auswertungen zu Zuverlässigkeit, Wartungsstrategien, Ersatzteilbedarf und Lebenszykluskosten (Life Cycle Costing) für Marineschiffe und deren Subsysteme durch.
 * Darüber hinaus bewerten Sie die Auswirkungen von technischen und logistischen Entscheidungen über den gesamten Systemlebenszyklus hinweg.
 * Sie analysieren und optimieren Ersatzteilbeständen und Versorgungsstrategien
Sie bauen Simulationsmodellen in OPUS Suite auf und sorgen dafür, dass diese auch stets weiterentwickelt werden.
 * In Ihrer Rolle arbeiten Sie stets eng mit der Konstruktion und den Projektteams zusammen.

* Abgeschlossenes technisches Studium, z.B. (Ingenieurwissenschaften, Data Science, Mathematik oder vergleichbar)
 * Mehrjährige Erfahrung in Datenanalyse, Simulation oder Modellierung komplexer technischer Systeme
 * Erfahrung mit Lifecycle-Analysen, Reliability Engineering oder logistischer Simulation
 * Idealerweise Erfahrung mit OPUS Suite oder vergleichbaren Simulationswerkzeugen
 * Erfahrung mit Datenanalyse-Tools oder Programmiersprachen wie Python oder ähnlichen Umgebungen
 * Verständnis für Instandhaltungsstrategien, Ersatzteilmanagement und Systemverfügbarkeit wünschenswert
 * Idealerweise Erfahrung in maritimen Systemen, Schiffbau oder Verteidigungsprojekten
 * Sehr gute Kommunikationsfähigkeiten in Deutsch und Englisch
 * Bereitschaft zu Dienstreisen zwischen Hamburg und Bremen (ca. 20%)

An unseren Standorten in Bremen (Vegesack) oder Hamburg bieten wir Ihnen:

 * 35-Stunden-Woche
 * Urlaubs- und Weihnachtsgeld, Sonderzahlungen
 * Betriebliche Altersvorsorge
 * Sportangebote
 * 30 Tage Urlaub
 * Willkommensveranstaltung
 * Weiterbildungs- und Entwicklungsmöglichkeiten
 * Firmenevents
 * Mitarbeiterangebote
 * Deutschlandticket für 37,75 Euro
 * Kostenloses Parken
 * Mobiles Arbeiten
 * Betriebliche Mitarbeiterberatung
 * Jobrad
 * Flexible Arbeitsmodelle",Bremen,Data Scientist,2026-03-18,0.0,KEINE_ANGABEN,UNBEFRISTET,"{'stellenangebotsart': 'ARBEIT', 'stellenangebotsTitel': '(Senior) Data Analyst - Lifecycle-Analysen im Marineschiffbau (m/w/d)', 'quereinstiegGeeignet': False, 'stellenangebotsBeschreibung': 'Marineschiffe sind hochkomplexe Systeme mit Lebenszyklen von 30 Jahren und mehr. Entscheidungen über Wartung, Ersatzteilstrategie und Logistik wirken sich über Jahrzehnte auf Kosten, Einsatzbereitschaft und Flottenverfügbarkeit aus. Wir suchen einen Senior Data Scientist / Analyst, der genau diese Entscheidungen datenbasiert unterstützt. In dieser Rolle entwickeln Sie Analysen, Modelle und Simulationen, um\nLebenszykluskosten zu verstehen, Ersatzteilstrategien zu optimieren und die Verfügbarkeit komplexer Systeme zu maximieren. Sie arbeiten an der Schnittstelle von Konstruktion, Logistik und Data Science und nutzen moderne Analyse- und Simulationstools - insbesondere OPUS Suite - um aus technischen Daten\nbelastbare Entscheidungsgrundlagen zu entwickeln. Wenn Sie Freude daran haben, komplexe Systeme zu modellieren, Daten in strategische Erkenntnisse zu übersetzen und reale Auswirkungen auf langfristige Programme zu haben, dann ist diese Rolle für Sie gemacht.\n\nIhre Aufgaben - vielseitig und zukunftsweisend:\n\n * Sie analysieren große Mengen an Betriebs-, Wartungs- und Logistikdaten und führen Auswertungen zu Zuverlässigkeit, Wartungsstrategien, Ersatzteilbedarf und Lebenszykluskosten (Life Cycle Costing) für Marineschiffe und deren Subsysteme durch.\n * Darüber hinaus bewerten Sie die Auswirkungen von technischen und logistischen Entscheidungen über den gesamten Systemlebenszyklus hinweg.\n * Sie analysieren und optimieren Ersatzteilbeständen und Versorgungsstrategien\nSie bauen Simulationsmodellen in OPUS Suite auf und sorgen dafür, dass diese auch stets weiterentwickelt werden.\n * In Ihrer Rolle arbeiten Sie stets eng mit der Konstruktion und den Projektteams zusammen.\n\n* Abgeschlossenes technisches Studium, z.B. (Ingenieurwissenschaften, Data Science, Mathematik oder vergleichbar)\n * Mehrjährige Erfahrung in Datenanalyse, Simulation oder Modellierung komplexer technischer Systeme\n * Erfahrung mit Lifecycle-Analysen, Reliability Engineering oder logistischer Simulation\n * Idealerweise Erfahrung mit OPUS Suite oder vergleichbaren Simulationswerkzeugen\n * Erfahrung mit Datenanalyse-Tools oder Programmiersprachen wie Python oder ähnlichen Umgebungen\n * Verständnis für Instandhaltungsstrategien, Ersatzteilmanagement und Systemverfügbarkeit wünschenswert\n * Idealerweise Erfahrung in maritimen Systemen, Schiffbau oder Verteidigungsprojekten\n * Sehr gute Kommunikationsfähigkeiten in Deutsch und Englisch\n * Bereitschaft zu Dienstreisen zwischen Hamburg und Bremen (ca. 20%)\n\nAn unseren Standorten in Bremen (Vegesack) oder Hamburg bieten wir Ihnen:\n\n * 35-Stunden-Woche\n * Urlaubs- und Weihnachtsgeld, Sonderzahlungen\n * Betriebliche Altersvorsorge\n * Sportangebote\n * 30 Tage Urlaub\n * Willkommensveranstaltung\n * Weiterbildungs- und Entwicklungsmöglichkeiten\n * Firmenevents\n * Mitarbeiterangebote\n * Deutschlandticket für 37,75 Euro\n * Kostenloses Parken\n * Mobiles Arbeiten\n * Betriebliche Mitarbeiterberatung\n * Jobrad\n * Flexible Arbeitsmodelle', 'arbeitszeitSchichtNachtWochenende': False, 'arbeitszeitTeilzeitAbend': False, 'arbeitszeitTeilzeitNachmittag': False, 'arbeitszeitTeilzeitVormittag': False, 'arbeitszeitTeilzeitFlexibel': False, 'arbeitszeitVollzeit': True, 'eintrittszeitraum': {'von': '2026-03-18'}, 'verguetungsangabe': 'KEINE_ANGABEN', 'vertragsdauer': 'UNBEFRISTET', 'istGeringfuegigeBeschaeftigung': False, 'istBehinderungGefordert': False, 'stellenlokationen': [{'adresse': {'plz': '28759', 'ort': 'Bremen', 'region': 'BREMEN', 'land': 'DEUTSCHLAND'}, 'breite': 53.1685573, 'laenge': 8.6540949}], 'homeofficemoeglich': False, 'chiffrenummer': 'DE17882', 'istPrivateArbeitsvermittlung': False, 'istArbeitnehmerUeberlassung': False, 'veroeffentlichungszeitraum': {'von': '2026-03-18'}, 'datumErsteVeroeffentlichung': '2026-03-18', 'aenderungsdatum': '2026-03-19T07:34:20.934', 'istBetreut': True, 'hauptberuf': 'Data Scientist', 'alternativBeruf1': 'Mathematiker/in', 'firma': 'Rheinmetall AG', 'arbeitgeberKundennummerHash': 'mDtoRsc-Vw0swe56F2UrizVz-AWYNSy7i3tzAduv66s=', 'allianzpartnerUrl': 'www.rheinmetall.com', 'allianzpartnerName': 'Rheinmetall AG', 'referenznummer': '15939-BB-633095-7878-7490-S'}"
15939-BB-633455-7878-6343-S,Data Engineer (m/w/d),Rheinmetall AG,"Rheinmetall Digital GmbH

WHAT WE ARE LOOKING FOR

 * Konzeption und Implementierung einer strukturierten Lakehouse-Architektur die leistungsstarken Datenzugriff mit kosteneffizientem Speichermanagement in Einklang bringt
 * Aufbau und Betrieb zuverlässiger Data-Ingestion-Pipelines für umfangreiche Erdbeobachtungs- und Sensordaten in Batch- und Streaming-Szenarien
 * Sicherstellung robuster Metadatenextraktion, Schema-Validierung und Datenqualitätsprüfungen während des gesamten Ingestion-Prozesses
 * Optimierung der Datenverarbeitungsleistung durch die Implementierung effizienter Partitionierungs- und Tiling-Strategien sowie die Minimierung unnötiger Datenbewegungen
 * Ermöglichung von High-Performance-Analysen durch das Design von Datenlayouts, die es erlauben, Compute-Workloads nah an der Speicherebene auszuführen
 * Implementierung umfassender Data Lineage und Versionierung, um die vollständige Rückverfolgbarkeit und historische Reproduzierbarkeit von Datensätzen zu gewährleisten
 * Etablierung und Aufrechterhaltung strenger Data-Governance-Standards, einschließlich Zugriffskontrollen und sicherer Datenverarbeitungspraktiken.
 * Kontinuierliche Verbesserung der Skalierbarkeit, Zuverlässigkeit und operativen Leistung der Datenplattform

* Erfolgreich abgeschlossenes Studium in Informatik, Data Engineering, Wirtschaftsinformatik oder eine vergleichbare Qualifikation
 * Mehrjährige Berufserfahrung im Data Engineering und im Aufbau großer verteilter Datenplattformen
 * Fundierte Erfahrung in der Konzeption und dem Betrieb moderner Data-Lake- oder Lakehouse-Architekturen für große Datenmengen
 * Expertise in Frameworks zur verteilten Datenverarbeitung und in der Leistungsoptimierung für groß angelegte Workloads
 * Erfahrung im Aufbau zuverlässiger Data-Ingestion-Pipelines und in der Verwaltung komplexer Daten-Transformations-Workflows
 * Sehr gute Englischkenntnisse in Wort und Schrift
 * Praktische Erfahrung in der Implementierung von Datenversionierung, Lineage-Tracking und reproduzierbaren Daten-Workflows
 * Strukturierte und analytische Herangehensweise an die Lösung komplexer Herausforderungen im Data Engineering
 * Ausgeprägte Kooperations- und Kommunikationsfähigkeiten in der Zusammenarbeit mit funktionsübergreifenden Engineering- und Analytics-Teams

An unserem Standort in Bremen bieten wir Ihnen:

 * Betriebliche Altersvorsorge
 * Aktienkaufprogramm
 * 30 Urlaubstage
 * Zugang zu den Corporate Benefits
 * Deutschlandticket
 * Umzugsunterstützung
 * VIVA Familienservice
 * Individuelle und vielfältige externe sowie interne Weiterentwicklungsmöglichkeiten u.a. in der Rheinmetall Academy
 * Professioneller Einarbeitungsprozess begleitet durch ein digitales Onboarding",Bremen,Fachinformatiker/in - Daten- und Prozessanalyse,2026-04-23,0.0,KEINE_ANGABEN,UNBEFRISTET,"{'stellenangebotsart': 'ARBEIT', 'stellenangebotsTitel': 'Data Engineer (m/w/d)', 'quereinstiegGeeignet': False, 'stellenangebotsBeschreibung': 'Rheinmetall Digital GmbH\n\nWHAT WE ARE LOOKING FOR\n\n * Konzeption und Implementierung einer strukturierten Lakehouse-Architektur die leistungsstarken Datenzugriff mit kosteneffizientem Speichermanagement in Einklang bringt\n * Aufbau und Betrieb zuverlässiger Data-Ingestion-Pipelines für umfangreiche Erdbeobachtungs- und Sensordaten in Batch- und Streaming-Szenarien\n * Sicherstellung robuster Metadatenextraktion, Schema-Validierung und Datenqualitätsprüfungen während des gesamten Ingestion-Prozesses\n * Optimierung der Datenverarbeitungsleistung durch die Implementierung effizienter Partitionierungs- und Tiling-Strategien sowie die Minimierung unnötiger Datenbewegungen\n * Ermöglichung von High-Performance-Analysen durch das Design von Datenlayouts, die es erlauben, Compute-Workloads nah an der Speicherebene auszuführen\n * Implementierung umfassender Data Lineage und Versionierung, um die vollständige Rückverfolgbarkeit und historische Reproduzierbarkeit von Datensätzen zu gewährleisten\n * Etablierung und Aufrechterhaltung strenger Data-Governance-Standards, einschließlich Zugriffskontrollen und sicherer Datenverarbeitungspraktiken.\n * Kontinuierliche Verbesserung der Skalierbarkeit, Zuverlässigkeit und operativen Leistung der Datenplattform\n\n* Erfolgreich abgeschlossenes Studium in Informatik, Data Engineering, Wirtschaftsinformatik oder eine vergleichbare Qualifikation\n * Mehrjährige Berufserfahrung im Data Engineering und im Aufbau großer verteilter Datenplattformen\n * Fundierte Erfahrung in der Konzeption und dem Betrieb moderner Data-Lake- oder Lakehouse-Architekturen für große Datenmengen\n * Expertise in Frameworks zur verteilten Datenverarbeitung und in der Leistungsoptimierung für groß angelegte Workloads\n * Erfahrung im Aufbau zuverlässiger Data-Ingestion-Pipelines und in der Verwaltung komplexer Daten-Transformations-Workflows\n * Sehr gute Englischkenntnisse in Wort und Schrift\n * Praktische Erfahrung in der Implementierung von Datenversionierung, Lineage-Tracking und reproduzierbaren Daten-Workflows\n * Strukturierte und analytische Herangehensweise an die Lösung komplexer Herausforderungen im Data Engineering\n * Ausgeprägte Kooperations- und Kommunikationsfähigkeiten in der Zusammenarbeit mit funktionsübergreifenden Engineering- und Analytics-Teams\n\nAn unserem Standort in Bremen bieten wir Ihnen:\n\n * Betriebliche Altersvorsorge\n * Aktienkaufprogramm\n * 30 Urlaubstage\n * Zugang zu den Corporate Benefits\n * Deutschlandticket\n * Umzugsunterstützung\n * VIVA Familienservice\n * Individuelle und vielfältige externe sowie interne Weiterentwicklungsmöglichkeiten u.a. in der Rheinmetall Academy\n * Professioneller Einarbeitungsprozess begleitet durch ein digitales Onboarding', 'arbeitszeitSchichtNachtWochenende': False, 'arbeitszeitTeilzeitAbend': False, 'arbeitszeitTeilzeitNachmittag': False, 'arbeitszeitTeilzeitVormittag': False, 'arbeitszeitTeilzeitFlexibel': False, 'arbeitszeitVollzeit': True, 'eintrittszeitraum': {'von': '2026-04-23'}, 'verguetungsangabe': 'KEINE_ANGABEN', 'vertragsdauer': 'UNBEFRISTET', 'istGeringfuegigeBeschaeftigung': False, 'istBehinderungGefordert': False, 'stellenlokationen': [{'adresse': {'plz': '28217', 'ort': 'Bremen', 'region': 'BREMEN', 'land': 'DEUTSCHLAND'}, 'breite': 53.0953969, 'laenge': 8.7763193}], 'homeofficemoeglich': False, 'chiffrenummer': 'DE17793', 'istPrivateArbeitsvermittlung': False, 'istArbeitnehmerUeberlassung': False, 'veroeffentlichungszeitraum': {'von': '2026-04-23'}, 'datumErsteVeroeffentlichung': '2026-04-23', 'aenderungsdatum': '2026-04-27T12:49:28.406', 'istBetreut': True, 'hauptberuf': 'Fachinformatiker/in - Daten- und Prozessanalyse', 'firma': 'Rheinmetall AG', 'arbeitgeberKundennummerHash': 'mDtoRsc-Vw0swe56F2UrizVz-AWYNSy7i3tzAduv66s=', 'allianzpartnerUrl': 'www.rheinmetall.com', 'allianzpartnerName': 'Rheinmetall AG', 'referenznummer': '15939-BB-633455-7878-6343-S'}"
15939-BB-633457-7878-2175-S,MLOps Engineer (m/w/d),Rheinmetall AG,"Rheinmetall Digital GmbH

WOFÜR WIR SIE SUCHEN

 * Bereitstellung (Deployment) und Betrieb von Machine-Learning-Modellen in standardisierten und skalierbaren Produktionsumgebungen
 * Implementierung robuster Traffic-Handling- und Autoscaling-Mechanismen zur Gewährleistung eines zuverlässigen und effizienten Model Servings
 * Konzeption und Verwaltung fortschrittlicher Deployment-Strategien zur Risikominimierung bei Model Releases und Updates
 * Optimierung der Inference-Performance durch verbesserte Hardwareauslastung und Minimierung der Latenz für Produktions-Workloads
 * Paketierung und Release von Machine-Learning-Modellen in vollständig containerisierten und versionskontrollierten Umgebungen
 * Sicherstellung der Reproduzierbarkeit und Integrität von Modell-Artefakten über Entwicklungs-, Test- und Produktionssysteme hinweg
 * Etablierung eines umfassenden Monitorings für Inference-Performance, Datenqualität und Modellverhalten in der Produktion
 * Unterstützung von Governance und Compliance durch die Pflege rückverfolgbarer Release-Artefakte, Validierungsergebnisse und revisionssicherer Dokumentation

* Erfolgreich abgeschlossenes Studium in Informatik, Machine Learning, Künstlicher Intelligenz, Software Engineering oder eine vergleichbare Qualifikation
 * Mehrjährige Berufserfahrung in den Bereichen Machine Learning Operations (MLOps), Platform Engineering oder in DevOps-Umgebungen zur Unterstützung von Machine-Learning-Systemen
 * Fundierte Erfahrung im Deployment und Betrieb von Machine-Learning-Modellen in Produktionsumgebungen
 * Solide Kenntnisse im Umgang mit containerisierten Workloads und Orchestrierungsplattformen für skalierbares Model Deployment
 * Erfahrung in der Arbeit mit Systemen zur Modellversionierung und im Management von Machine-Learning-Artefakten über verschiedene Umgebungen hinweg
 * Sichere Englischkenntnisse in Wort und Schrift
 * Praktische Erfahrung in der Optimierung von Machine-Learning-Modellen für effiziente Inference und Hardwareauslastung
 * Strukturierte und analytische Herangehensweise an die Lösung komplexer operativer Herausforderungen in Machine-Learning-Systemen
 * Ausgeprägte Kooperations- und Kommunikationsfähigkeiten in der Zusammenarbeit mit Engineering-, Data-Science- und Plattform-Teams

An unserem Standort in Bremen bieten wir Ihnen:

 * Betriebliche Altersvorsorge
 * Aktienkaufprogramm
 * 30 Urlaubstage
 * Zugang zu den Corporate Benefits
 * Deutschlandticket
 * Umzugsunterstützung
 * VIVA Familienservice
 * Individuelle und vielfältige externe sowie interne Weiterentwicklungsmöglichkeiten u.a. in der Rheinmetall Academy
 * Professioneller Einarbeitungsprozess begleitet durch ein digitales Onboarding",Bremen,Machine Learning Engineer,2026-04-23,0.0,KEINE_ANGABEN,UNBEFRISTET,"{'stellenangebotsart': 'ARBEIT', 'stellenangebotsTitel': 'MLOps Engineer (m/w/d)', 'quereinstiegGeeignet': False, 'stellenangebotsBeschreibung': 'Rheinmetall Digital GmbH\n\nWOFÜR WIR SIE SUCHEN\n\n * Bereitstellung (Deployment) und Betrieb von Machine-Learning-Modellen in standardisierten und skalierbaren Produktionsumgebungen\n * Implementierung robuster Traffic-Handling- und Autoscaling-Mechanismen zur Gewährleistung eines zuverlässigen und effizienten Model Servings\n * Konzeption und Verwaltung fortschrittlicher Deployment-Strategien zur Risikominimierung bei Model Releases und Updates\n * Optimierung der Inference-Performance durch verbesserte Hardwareauslastung und Minimierung der Latenz für Produktions-Workloads\n * Paketierung und Release von Machine-Learning-Modellen in vollständig containerisierten und versionskontrollierten Umgebungen\n * Sicherstellung der Reproduzierbarkeit und Integrität von Modell-Artefakten über Entwicklungs-, Test- und Produktionssysteme hinweg\n * Etablierung eines umfassenden Monitorings für Inference-Performance, Datenqualität und Modellverhalten in der Produktion\n * Unterstützung von Governance und Compliance durch die Pflege rückverfolgbarer Release-Artefakte, Validierungsergebnisse und revisionssicherer Dokumentation\n\n* Erfolgreich abgeschlossenes Studium in Informatik, Machine Learning, Künstlicher Intelligenz, Software Engineering oder eine vergleichbare Qualifikation\n * Mehrjährige Berufserfahrung in den Bereichen Machine Learning Operations (MLOps), Platform Engineering oder in DevOps-Umgebungen zur Unterstützung von Machine-Learning-Systemen\n * Fundierte Erfahrung im Deployment und Betrieb von Machine-Learning-Modellen in Produktionsumgebungen\n * Solide Kenntnisse im Umgang mit containerisierten Workloads und Orchestrierungsplattformen für skalierbares Model Deployment\n * Erfahrung in der Arbeit mit Systemen zur Modellversionierung und im Management von Machine-Learning-Artefakten über verschiedene Umgebungen hinweg\n * Sichere Englischkenntnisse in Wort und Schrift\n * Praktische Erfahrung in der Optimierung von Machine-Learning-Modellen für effiziente Inference und Hardwareauslastung\n * Strukturierte und analytische Herangehensweise an die Lösung komplexer operativer Herausforderungen in Machine-Learning-Systemen\n * Ausgeprägte Kooperations- und Kommunikationsfähigkeiten in der Zusammenarbeit mit Engineering-, Data-Science- und Plattform-Teams\n\nAn unserem Standort in Bremen bieten wir Ihnen:\n\n * Betriebliche Altersvorsorge\n * Aktienkaufprogramm\n * 30 Urlaubstage\n * Zugang zu den Corporate Benefits\n * Deutschlandticket\n * Umzugsunterstützung\n * VIVA Familienservice\n * Individuelle und vielfältige externe sowie interne Weiterentwicklungsmöglichkeiten u.a. in der Rheinmetall Academy\n * Professioneller Einarbeitungsprozess begleitet durch ein digitales Onboarding', 'arbeitszeitSchichtNachtWochenende': False, 'arbeitszeitTeilzeitAbend': False, 'arbeitszeitTeilzeitNachmittag': False, 'arbeitszeitTeilzeitVormittag': False, 'arbeitszeitTeilzeitFlexibel': False, 'arbeitszeitVollzeit': True, 'eintrittszeitraum': {'von': '2026-04-23'}, 'verguetungsangabe': 'KEINE_ANGABEN', 'vertragsdauer': 'UNBEFRISTET', 'istGeringfuegigeBeschaeftigung': False, 'istBehinderungGefordert': False, 'stellenlokationen': [{'adresse': {'plz': '28217', 'ort': 'Bremen', 'region': 'BREMEN', 'land': 'DEUTSCHLAND'}, 'breite': 53.0953969, 'laenge': 8.7763193}], 'homeofficemoeglich': False, 'chiffrenummer': 'DE17794', 'istPrivateArbeitsvermittlung': False, 'istArbeitnehmerUeberlassung': False, 'veroeffentlichungszeitraum': {'von': '2026-04-23'}, 'datumErsteVeroeffentlichung': '2026-04-23', 'aenderungsdatum': '2026-04-27T12:49:28.578', 'istBetreut': True, 'hauptberuf': 'Machine Learning Engineer', 'firma': 'Rheinmetall AG', 'arbeitgeberKundennummerHash': 'mDtoRsc-Vw0swe56F2UrizVz-AWYNSy7i3tzAduv66s=', 'allianzpartnerUrl': 'www.rheinmetall.com', 'allianzpartnerName': 'Rheinmetall AG', 'referenznummer': '15939-BB-633457-7878-2175-S'}"
18777-931781141-S,Requirements Engineer (m/w/d),OHB-System AG,"#### Your Tasks

- Being the project’s focal point for requirements topics towards customers and suppliers
- Ensuring proper review, breakdown (flow-down), and traceability of technical requirements.
- Verification control in the satellite project and ECSS standard (e.g. RVMs, VCDs).
- Managing data exchange related to requirements with external stakeholders
- Supporting the creation and review of requirements specifications
- Overseeing and maintaining project data in Siemens Polarion and IBM Rational DOORS

#### Your Qualifications

- Completed studies in aerospace engineering, computer science, or a similar field
- Strong understanding of systems engineering and requirements management
- Ideally experienced with Siemens Polarion and/or IBM Rational DOORS
- Fluent English proficiency
- A proactive and hands-on approach to problem-solving
- Strong interpersonal and communication skills",Bremen,Ingenieur/in - Systems Engineering,2026-03-06,,KEINE_ANGABEN,UNBEFRISTET,"{'stellenangebotsart': 'ARBEIT', 'stellenangebotsTitel': 'Requirements Engineer (m/w/d)', 'quereinstiegGeeignet': False, 'stellenangebotsBeschreibung': '#### Your Tasks\n\n- Being the project’s focal point for requirements topics towards customers and suppliers\n- Ensuring proper review, breakdown (flow-down), and traceability of technical requirements.\n- Verification control in the satellite project and ECSS standard (e.g. RVMs, VCDs).\n- Managing data exchange related to requirements with external stakeholders\n- Supporting the creation and review of requirements specifications\n- Overseeing and maintaining project data in Siemens Polarion and IBM Rational DOORS\n\n#### Your Qualifications\n\n- Completed studies in aerospace engineering, computer science, or a similar field\n- Strong understanding of systems engineering and requirements management\n- Ideally experienced with Siemens Polarion and/or IBM Rational DOORS\n- Fluent English proficiency\n- A proactive and hands-on approach to problem-solving\n- Strong interpersonal and communication skills', 'arbeitszeitVollzeit': True, 'eintrittszeitraum': {'von': '2026-05-01'}, 'verguetungsangabe': 'KEINE_ANGABEN', 'vertragsdauer': 'UNBEFRISTET', 'istGeringfuegigeBeschaeftigung': False, 'istBehinderungGefordert': False, 'stellenlokationen': [{'adresse': {'plz': '28359', 'ort': 'Bremen', 'region': 'BREMEN', 'land': 'DEUTSCHLAND'}, 'breite': 53.105971559, 'laenge': 8.867882094}], 'chiffrenummer': 'req7926', 'istPrivateArbeitsvermittlung': False, 'istArbeitnehmerUeberlassung': False, 'veroeffentlichungszeitraum': {'von': '2026-03-06'}, 'datumErsteVeroeffentlichung': '2026-03-06', 'aenderungsdatum': '2026-03-14T08:30:25.000', 'istBetreut': False, 'hauptberuf': 'Ingenieur/in - Systems Engineering', 'firma': 'OHB-System AG', 'arbeitgeberKundennummerHash': 'X6muj5fw5ep9ZOIwI7anZ6GEHNJ8A62nYvmSS4hDfkk=', 'allianzpartnerUrl': 'www.ohb.de', 'allianzpartnerName': 'OHB-System AG', 'referenznummer': '18777-931781141-S'}"
13999-k53401.30280-S,Business Analyst (m/w/d) im Technologiekonzern,jobtimum GmbH Personalvermittlung,"

Business Analyst (m/w/d) im Technologiekonzern 

Unser Mandant ist ein internationaler Technologiekonzern mit einem hohen Gespür für die Bedürfnisse und Entwicklungen seiner Kunden. Mit höchster Präzision und Begeisterung entwickeln und produzieren die mehr als 6.000 Mitarbeitenden über die europäischen Grenzen hinaus gemeinsam an den innovativsten und zukunftsweisesten Produkten. Zum nächstmöglichen Zeitpunkt sucht unser Mandant für den Standort Bremen einen erfahrenen Business Controller (m/w/d).

# DAS WIRD SIE ÜBERZEUGEN

- Attraktive Arbeitszeitmodelle z.B. Gleitzeit, Arbeitszeitkonto und mobiles Arbeiten
- Gute Erreichbarkeit sowie Parkplätze für Mitarbeitende
- Modernes und freundliches Arbeitsumfeld
- Kantine und Bezuschussung zur Altersvorsorge

# DAS SIND IHRE AUFGABEN

- In Ihrer Rolle als Business Controller (m/w/d) am Standort Bremen sind Sie für das Controlling und die Analyse finanzieller Kennzahlen verschiedener Gesellschaften unseres Mandanten verantwortlich
- Sie fungieren als kompetenter Sparringspartner des Bereichsleiters Finance und fördern Synergien zwischen operativen und strategischen Geschäftseinheiten
- Basierend auf Ihren Analysen entwickeln und präsentieren Sie relevante Handlungsempfehlungen und überwachen die Einhaltung definierter KPIs
- Sie sind federführend mit der Erstellung von Budgets und Forecasts beauftragt, bearbeiten Ad-hoc-Reports sowie Abweichungsanalysen und unterstützen die Abschlusstätigkeiten
- Zudem tragen Sie als Business Controller (m/w/d) aktiv zur Optimierung von Prozessen und zur Umsetzung unternehmensstrategischer Projekte am Standort Bremen bei

# DAMIT KÖNNEN SIE PUNKTEN

- Ihr Studium im Bereich Betriebswirtschaftslehre, Business Administration oder im Logistikmanagement haben Sie erfolgreich abgeschlossen
- Zudem bringen Sie nachweisliche, mehrjährige Berufserfahrung im Bereich Accounting und Controlling beispielsweise als Finance Manager (m/w/d), Senior Controller (m/w/d) oder Finance Business Partner (m/w/d) mit
- Im Umgang mit den gängigen ERP-Systemen sowie MS Office Anwendungen, insbesondere jedoch MS Excel, zeigen Sie sich routiniert
- Idealerweise verfügen Sie über Kenntnisse im Umgang mit Business Intelligence Systemen
- Ihre aufgeschlossene Persönlichkeit, Ihre Teamfähigkeit sowie eine eigenständige Arbeitsweise runden Ihr Profil ab

# PASST NICHT?

Sie möchten eigentlich gerne etwas anderes tun, aber auch Ihre Erfahrungen nutzen? Wir suchen immer wieder Quereinsteiger. Alles, was Sie dafür wissen müssen, können Sie bei uns lernen. Bei jobtimum hat Ihre Bewerbung mehr als nur eine Chance.

[INITIATIV BEWERBEN](https://jobs.jobtimum.eu/public/bewerbung/?id=8362)

# Job Details

Office-Management 

Bremen 

Vollzeit 

Direktvermittlung 

# Ihr Mehrwert

# IHR MEHRWERT

Karriere-Coaching

Nachhaltige Verbindungen

Exklusivität

Jahrelange Erfahrung und Expertise

# Wir sind auf Empfang

## Ihr Ansprechpartner

Herr Malte Paulus

## Kontakt

jobtimum GmbH
Am Wall 113
28195 Bremen

0421 398885-00
[jobs.personalberatung@jobtimum.eu](mailto:jobs.personalberatung@jobtimum.eu?subject=Business%20Analyst%20(m/w/d)%20im%20Technologiekonzern%20-%20#30280)

Unsere Ansprache richtet sich an alle Mitglieder der Gesellschaft.",Bremen,Business-Analyst/in,2026-04-10,,JAHRESGEHALT,UNBEFRISTET,"{'stellenangebotsart': 'ARBEIT', 'stellenangebotsTitel': 'Business Analyst (m/w/d) im Technologiekonzern', 'quereinstiegGeeignet': False, 'stellenangebotsBeschreibung': '\n\nBusiness Analyst (m/w/d) im Technologiekonzern \n\nUnser Mandant ist ein internationaler Technologiekonzern mit einem hohen Gespür für die Bedürfnisse und Entwicklungen seiner Kunden. Mit höchster Präzision und Begeisterung entwickeln und produzieren die mehr als 6.000 Mitarbeitenden über die europäischen Grenzen hinaus gemeinsam an den innovativsten und zukunftsweisesten Produkten. Zum nächstmöglichen Zeitpunkt sucht unser Mandant für den Standort Bremen einen erfahrenen Business Controller (m/w/d).\n\n# DAS WIRD SIE ÜBERZEUGEN\n\n- Attraktive Arbeitszeitmodelle z.B. Gleitzeit, Arbeitszeitkonto und mobiles Arbeiten\n- Gute Erreichbarkeit sowie Parkplätze für Mitarbeitende\n- Modernes und freundliches Arbeitsumfeld\n- Kantine und Bezuschussung zur Altersvorsorge\n\n# DAS SIND IHRE AUFGABEN\n\n- In Ihrer Rolle als Business Controller (m/w/d) am Standort Bremen sind Sie für das Controlling und die Analyse finanzieller Kennzahlen verschiedener Gesellschaften unseres Mandanten verantwortlich\n- Sie fungieren als kompetenter Sparringspartner des Bereichsleiters Finance und fördern Synergien zwischen operativen und strategischen Geschäftseinheiten\n- Basierend auf Ihren Analysen entwickeln und präsentieren Sie relevante Handlungsempfehlungen und überwachen die Einhaltung definierter KPIs\n- Sie sind federführend mit der Erstellung von Budgets und Forecasts beauftragt, bearbeiten Ad-hoc-Reports sowie Abweichungsanalysen und unterstützen die Abschlusstätigkeiten\n- Zudem tragen Sie als Business Controller (m/w/d) aktiv zur Optimierung von Prozessen und zur Umsetzung unternehmensstrategischer Projekte am Standort Bremen bei\n\n# DAMIT KÖNNEN SIE PUNKTEN\n\n- Ihr Studium im Bereich Betriebswirtschaftslehre, Business Administration oder im Logistikmanagement haben Sie erfolgreich abgeschlossen\n- Zudem bringen Sie nachweisliche, mehrjährige Berufserfahrung im Bereich Accounting und Controlling beispielsweise als Finance Manager (m/w/d), Senior Controller (m/w/d) oder Finance Business Partner (m/w/d) mit\n- Im Umgang mit den gängigen ERP-Systemen sowie MS Office Anwendungen, insbesondere jedoch MS Excel, zeigen Sie sich routiniert\n- Idealerweise verfügen Sie über Kenntnisse im Umgang mit Business Intelligence Systemen\n- Ihre aufgeschlossene Persönlichkeit, Ihre Teamfähigkeit sowie eine eigenständige Arbeitsweise runden Ihr Profil ab\n\n# PASST NICHT?\n\nSie möchten eigentlich gerne etwas anderes tun, aber auch Ihre Erfahrungen nutzen? Wir suchen immer wieder Quereinsteiger. Alles, was Sie dafür wissen müssen, können Sie bei uns lernen. Bei jobtimum hat Ihre Bewerbung mehr als nur eine Chance.\n\n[INITIATIV BEWERBEN](https://jobs.jobtimum.eu/public/bewerbung/?id=8362)\n\n# Job Details\n\nOffice-Management \n\nBremen \n\nVollzeit \n\nDirektvermittlung \n\n# Ihr Mehrwert\n\n# IHR MEHRWERT\n\nKarriere-Coaching\n\nNachhaltige Verbindungen\n\nExklusivität\n\nJahrelange Erfahrung und Expertise\n\n# Wir sind auf Empfang\n\n## Ihr Ansprechpartner\n\nHerr Malte Paulus\n\n## Kontakt\n\njobtimum GmbH\nAm Wall 113\n28195 Bremen\n\n0421 398885-00\n[jobs.personalberatung@jobtimum.eu](mailto:jobs.personalberatung@jobtimum.eu?subject=Business%20Analyst%20(m/w/d)%20im%20Technologiekonzern%20-%20#30280)\n\nUnsere Ansprache richtet sich an alle Mitglieder der Gesellschaft.', 'arbeitszeitVollzeit': True, 'eintrittszeitraum': {'von': '2026-04-30'}, 'verguetungsangabe': 'JAHRESGEHALT', 'artDerVerguetung': 'GEHALTSSPANNE', 'gehaltsspanneVon': 55000.0, 'gehaltsspanneBis': 70000.0, 'vertragsdauer': 'UNBEFRISTET', 'istGeringfuegigeBeschaeftigung': False, 'istBehinderungGefordert': False, 'stellenlokationen': [{'adresse': {'plz': '28279', 'ort': 'Bremen', 'region': 'BREMEN', 'land': 'DEUTSCHLAND'}, 'breite': 53.041815896001, 'laenge': 8.850050071}], 'istPrivateArbeitsvermittlung': True, 'istArbeitnehmerUeberlassung': False, 'veroeffentlichungszeitraum': {'von': '2026-04-10'}, 'datumErsteVeroeffentlichung': '2026-04-10', 'aenderungsdatum': '2026-04-29T09:55:27.307', 'istBetreut': False, 'hauptberuf': 'Business-Analyst/in', 'alternativBeruf1': 'Controller/in', 'alternativBeruf2': 'Betriebswirt/in (Fachschule) - Controlling/Bachelor Professional in Wirtschaft', 'firma': 'jobtimum GmbH Personalvermittlung', 'arbeitgeberKundennummerHash': 'dLzpHB-7pbWgbUEGS6xo5ddqZsJFKqhH_30gcou3L0U=', 'allianzpartnerUrl': 'www.sitte.de', 'allianzpartnerName': 'Sitte Engineering GmbH', 'referenznummer': '13999-k53401.30280-S'}"
15939-BB-632493-7878-9058-S,Praktikant Market Intelligence (m/w/d),Rheinmetall AG,"* Unterstützung in den Bereichen Market and Competitive Intelligence
 * Eigenverantwortliche Zusammenstellung, Aufbereitung und Analyse von Markt-, Wettbewerber- und Produktdaten in Excel
 * Selbstständige Recherche im Internet sowie in internen und externen Datenbanken
 * Erstellung von Präsentationen und Reports

* Immatrikulierter Student (m/w/d) im Bereich Betriebswirtschaftslehre oder vergleichbar, mindestens im 3. Semester
 * Gute Power Point- und sehr gute Excelkenntnisse
 * Hohe Zahlenaffinität
 * Idealerweise erste Erfahrung im Bereich Market Research
 * Sehr gute Englischkenntnisse in Wort und Schrift

Als Student (m/w/d) im kaufmännischen Bereich finden Sie bei Rheinmetall ein kreatives und dynamisches Arbeitsumfeld, welches von Innovationen geprägt ist. Zudem erwartet Sie ein freundliches Betriebsklima und motivierte Kolleg*innen, mit denen Sie an herausfordernden Aufgaben rund um spannende und außergewöhnliche Produkte für die Sicherheit und Mobilität von morgen arbeiten.

An unserem Standort in Bremen bieten wir Ihnen:

 * Attraktive Vergütung
 * Sonderkonditionen im Fitnesscenter
 * Gute infrastrukturelle Anbindung",Bremen,Data Scientist,2026-04-20,0.0,KEINE_ANGABEN,BEFRISTET,"{'stellenangebotsart': 'PRAKTIKUM_TRAINEE', 'stellenangebotsTitel': 'Praktikant Market Intelligence (m/w/d)', 'quereinstiegGeeignet': False, 'stellenangebotsBeschreibung': '* Unterstützung in den Bereichen Market and Competitive Intelligence\n * Eigenverantwortliche Zusammenstellung, Aufbereitung und Analyse von Markt-, Wettbewerber- und Produktdaten in Excel\n * Selbstständige Recherche im Internet sowie in internen und externen Datenbanken\n * Erstellung von Präsentationen und Reports\n\n* Immatrikulierter Student (m/w/d) im Bereich Betriebswirtschaftslehre oder vergleichbar, mindestens im 3. Semester\n * Gute Power Point- und sehr gute Excelkenntnisse\n * Hohe Zahlenaffinität\n * Idealerweise erste Erfahrung im Bereich Market Research\n * Sehr gute Englischkenntnisse in Wort und Schrift\n\nAls Student (m/w/d) im kaufmännischen Bereich finden Sie bei Rheinmetall ein kreatives und dynamisches Arbeitsumfeld, welches von Innovationen geprägt ist. Zudem erwartet Sie ein freundliches Betriebsklima und motivierte Kolleg*innen, mit denen Sie an herausfordernden Aufgaben rund um spannende und außergewöhnliche Produkte für die Sicherheit und Mobilität von morgen arbeiten.\n\nAn unserem Standort in Bremen bieten wir Ihnen:\n\n * Attraktive Vergütung\n * Sonderkonditionen im Fitnesscenter\n * Gute infrastrukturelle Anbindung', 'geforderterBildungsabschluss': 'NICHT_RELEVANT', 'arbeitszeitSchichtNachtWochenende': False, 'arbeitszeitTeilzeitAbend': False, 'arbeitszeitTeilzeitNachmittag': False, 'arbeitszeitTeilzeitVormittag': False, 'arbeitszeitTeilzeitFlexibel': False, 'arbeitszeitVollzeit': True, 'eintrittszeitraum': {'von': '2026-04-20'}, 'verguetungsangabe': 'KEINE_ANGABEN', 'vertragsdauer': 'BEFRISTET', 'befristungInMonaten': 6, 'istGeringfuegigeBeschaeftigung': False, 'istBehinderungGefordert': False, 'stellenlokationen': [{'adresse': {'plz': '28309', 'ort': 'Bremen', 'region': 'BREMEN', 'land': 'DEUTSCHLAND'}, 'breite': 53.0495492, 'laenge': 8.8953445}], 'homeofficemoeglich': False, 'chiffrenummer': 'DE16994', 'istPrivateArbeitsvermittlung': False, 'istArbeitnehmerUeberlassung': False, 'veroeffentlichungszeitraum': {'von': '2026-04-20'}, 'datumErsteVeroeffentlichung': '2026-04-20', 'aenderungsdatum': '2026-04-21T07:28:22.982', 'istBetreut': True, 'hauptberuf': 'Data Scientist', 'firma': 'Rheinmetall AG', 'arbeitgeberKundennummerHash': 'mDtoRsc-Vw0swe56F2UrizVz-AWYNSy7i3tzAduv66s=', 'allianzpartnerUrl': 'www.rheinmetall.com', 'allianzpartnerName': 'Rheinmetall AG', 'referenznummer': '15939-BB-632493-7878-9058-S'}"
13635-7fbe73ac_JB5131141-S,Softwareentwickler:in Machine- / Deep-Learning (Home Office) (m/w/d),zollsoft GmbH,"Wo Du mit anpacken kannst
 • Gleich vom ersten Tag an wird es spannend für Dich, denn Du wirst direkt ein aktiver Teil spannender Projekte in den Bereichen NLP, Computervision und vielen mehr. Als wichtiger Bestandteil des KI-Teams hilfst Du mit, beispielsweise unsere Spracherkennung für Ärzte und die Lesionsklassifizierung (Erkennung von Melanomen) immer weiter zu entwickeln.
 • Bei uns wird es nie langweilig, denn zu Deinem Aufgabenbereich wird die komplette Pipeline von KI-Projekten angefangen bei Datenakquise, -vorbereitung, Modeldesign bis hin zum Deployment gehören.
 • Dabei erarbeitest Du Dir einige Dinge in Eigenregie, andere gemeinsam im Team. Grundsätzlich lernen wir bei zollsoft immer auf Augenhöhe von- und miteinander und gehen auf Deine individuelle Lernkurve ein. Mit regelmäßigen Mentoring durch erfahrene KI-Entwickler sorgen wir dafür, dass Du gut im Team ankommst und Dich nach Deinen Wünschen weiterentwickeln kannst.
 • Aber auch abseits Deines eigenen Teams, wirst Du eng mit Kollegen anderer Fachbereiche zusammenarbeiten, wie dem Support, Produktmanagement oder dem Vertrieb. Auch teamübergreifend wird in der Softwareentwicklung gearbeitet, weshalb Du auch Kollegen mit anderen Schwerpunkten bei der Arbeit beobachten und unterstützen kannst.
 • Wenn Du Lust hast, kannst Du irgendwann auch zusätzliche Aufgaben als Produktmanager für ein bestimmtes Produkt oder Projekt übernehmen und so immer weiter über den Tellerrand hinausschauen.
 • Diese Position kann zu 100% aus dem Home-Office ausgeübt werden. Du musst also nicht in Thüringen oder der näheren Umgebung wohnen, um bei uns zu arbeiten, sondern kannst selbst bestimmen, wann Du wo arbeiten willst.
 • Eine Teilzeitanstellung ist für uns auch kein Problem, jedoch wäre es ideal, wenn Du wöchentlich mindestens 30 Stunden Deiner Zeit für uns opfern könntest.

Was Du mitbringen solltest
 • Du hast irgendwas technisches oder naturwissenschaftliches studiert und kannst auf Dein Ergebnis echt stolz sein (eine Promotion kommt bei uns auch gut an).
 • Du bist IT begeistert und konntest idealerweise bereits erste Erfahrung mit Machine Learning, neuronalen Netzen, Deep Learning oder Ähnlichem sammeln.
 • Dir als KI-Entwickler ist es ein innerstes Bedürfnis, einen sauberen und wartbaren Code zu schreiben.
 • Du denkst nicht immer nur stur in eine Richtung, sondern bist neugierig und mutig genug, auch mal unkonventionelle Wege zu beschreiten.
 • Dich als Mensch zeichnet Dein Interesse und Deine Begeisterung für Neues aus, egal ob es darum geht, neue Programmiersprachen, Frameworks, Tools oder Algorithmen zu meistern.
 • Idealerweise bringst Du bereits gute bis sehr gute Python-Kenntnisse mit und hast erste Erfahrungen sammeln können mit Linux und Bash und weißt, wofür die Wörter Tensorflow, Pytorch oder Scikit-learn stehen.
 • Um bei uns so richtig Fuß fassen zu können, ist es zwingend notwendig, dass Du Deutsch mindestens auf C1-Niveau beherrschst.

Warum wir?Wir sind ein offenes und ambitioniertes Team von über 500 Mitarbeitern, das Kundenorientierung wirklich lebt und gleichzeitig Spaß hat. Bei uns herrscht auch nach über 10 Jahren eine Startup-Atmosphäre, die neben dem legendären Obstkorb auch vielseitige Perks wie eine steuerfreie Shoppingkarte, Dienstrad-Leasing und Gesundheitskurse (z.B. Yoga, Rückentraining und mental Health) anbietet - sowohl online als auch im Büro.
Je nach Einsatzgebiet (und das sind mindestens 75% aller Unternehmensbereiche) bieten wir all unseren Kollegen flexible Arbeitszeiten und Home Office an. Wir verstehen uns als eng zusammenhaltendes Team mit Kooperations- statt Wettbewerbs-Atmosphäre. Außerhalb der Arbeit organisieren wir Events wie Beachvolleyball im Sommer, Grillfeste, Kochabende oder Paddeltouren.

Deine Vorteile bei uns:
 • Super Team und flache Hierarchien
 • Job Crafting/individuelle Arbeitsgestaltung
 • Flexible Arbeitszeiten
 • Weiterentwicklung
 • Home Office/Mobiles Arbeiten
 • Team Events
 • Förderung der physischen und psychischen Gesundheit
 • Betriebliche Altersvorsorge
 • Betriebliche Krankenversicherung
 • Dienstradleasing/Jobrad
 • Hardwareleasing
 • Mitarbeiterrabatte
 • Betreuungkostenzuschuss/ Kita-Zuschuss
 • Erholungsbeihilfe
 • Essenszuschuss
 • Fahrtkostenzuschuss
 • Auslandsarbeit

Überzeugt? Dann bewirb Dich jetzt bei uns!Lade Deine aussagekräftige Bewerbung inklusive Anschreiben, Lebenslauf und der relevanten Zeugnisse (Schul-, Ausbildungs-, Uni- und Arbeitszeugnisse) ganz einfach online auf unserer Homepage hoch. Vergiss bitte nicht, auch Deinen möglichen Starttermin und Deine Gehaltsvorstellung mit anzugeben.

Du hast noch Fragen? Dann wende dich an unsere Personalabteilung. Sabrina, Elisa, Julia und Tom stehen Dir gerne bei Rückfragen zur Verfügung. Du erreichst sie unter jobs@zollsoft.de. Weitere Informationen findest du auch auf unserer Website.

Über unsWir sind ein innovatives, kreatives und nicht mehr ganz so junges Familienunternehmen mit Sitz unweit des Paradieses in Jena. Gemeinsam als Team entwickeln wir tomedo®, unsere rasant wachsenden Apple-basierten Software für Arztpraxen, die in unabhängigen Umfragen die höchste Kundenzufriedenheit erzielte, immer weiter.

Flache Hierarchien und ein kommunikatives Miteinander geben Deiner Kreativität und Deinen Ideen Spielraum zur Mitgestaltung spannender Projekte. Home Office und flexible Arbeitszeiten geben Dir außerdem die Chance, Deinen Alltag ganz nach Deinen Vorstellungen zu gestalten. Wir bieten Dir die Chance, Dich weiterzuentwickeln und das Wachstum der zollsoft GmbH aktiv voranzutreiben.

Worauf wartest Du noch? Werde auch Du ein zollsofti und mach etwas (system-)relevantes!",Hamburg,,,,,,
20536-lutif851vc-S,Research Associate / Wissenschaftliche*r Mitarbeiter*in at the In...,Technische Universität Hamburg,"Research Associate (m/f/d) -   
Wissenschaftliche*r Mitarbeiter*in

# **Institute of[Innovation Marketing](https://www.tuhh.de/im/home)** **Remuneration**EG 13 [TV-L](https://t1p.de/wn3d9) **ID: 10726WW3 Start of employment:01.10.2026** **Application deadline** 20.05.2026 **Scope** full time and fixed term until 30.09.2029

Would you like to help ensure that scientific findings have a stronger impact on business and society? Are you interested in AI-based tools that connect research results and technological developments with applications? Would you like to explore these technology transfer topics as part of a PhD project within an international consortium?  

This position involves working in a research project with partners from several countries to transfer scientific findings and technological developments into meaningful applications. A central focus is the use of AI-based tools that systematically link research with needs arising from business, industry, and society. In addition, the project promotes cross-institutional collaboration for technology transfer in order to make better use of the technological potential of universities.  

This position offers the opportunity to pursue a doctoral thesis in an international research environment and to contribute to university teaching. The position will be based at the Institute of Innovation Marketing at TU Hamburg, where you will be part of a dynamic and interdisciplinary research team.

YOUR TASKS

- Work in an international research project on new approaches to knowledge and technology transfer from universities
- Support the privacy-compliant integration of university research and innovation data from different sources
- Contribute to the development and support the testing of AI-based tools that help translate research results into applications
- Present the results at international conferences and publish in academic journals
- Integrate research findings into university teaching

YOUR PROFILE

Requirements

- Completed university studies (master degree or equivalent), in particular in Business Administration, Industrial Engineering, Computer Science or Data Science (minimum grade of 2.5 according to German grading system)

# Desired knowledge and personal skills

- Very good written and spoken English
- Knowledge and Experience of Machine Learning and Artificial Intelligence
- Knowledge of empirical research methods and data analysis
- Experience of technology transfer
- Interest in interdisciplinary and international collaboration and in research-based academic teaching

# OUR OFFER

- Scientific qualification with the opportunity to pursue a PhD
- A job in an interesting, friendly and appreciative working environment
- Intensive induction/ onboarding
- Possibility of mobile working
- Flexible and family-friendly working conditions

# At the heart of TU Hamburg’s research, teaching and transfer of technology is the guiding principle of developing technology for people. The TU Hamburg sees itself in this context as a family-friendly and sustainable university with high performance and quality standards that strives for excellence in all its research fields. Interdisciplinarity, innovation, regionality and internationality are binding principles in our actions. With currently around 8.000 students, 110 professors and 1.650 employees, the TU Hamburg is characterised by short decision-making processes and close cooperation between the board, the institutes, the deans of studies, the research areas and the administration. We identify ourselves with a modern leadership culture and cultivate appreciative interaction.

# For further information please contact Anke Bohne, Tel.-Nr. +49 40 30601 4515, Email: [anke.bohne@tuhh.de].

We value diversity, therefore all applications are welcome, regardless of gender, gender identity, ethnic origin, nationality, age, religion and belief, disability, sexual orientation and identity or social background.  

The TU Hamburg stands for [equal opportunities](https://www.tuhh.de/tuhh/tu-hamburg/struktur/personalrat-und-interessensvertretungen/gleichstellungsreferat) as well as [appreciative and respectful cooperation.](https://www.tuhh.de/gutes-miteinander/startseite/vereinbarung-miteinander)  

Please send your complete application documents (cover letter, curriculum vitae in table form, proof of completed training and/or university degree, job references or certificates of employment) via the online application system.  

[Notice for severely disabled persons and people with equal status.](https://www.hamburg.de/politik-und-verwaltung/behoerden/personalamt/arbeit-fuer-schwerbehinderte-118778)  

**Notice for graduates of foreign educational qualifications:**  
Please submit proof of all obtained university degrees and, if available, the recognition of your educational qualifications in Germany (e.g. anabin excerpts and/or acknowledgement of previous employers).",Hamburg,,,,,,
12826-SA0136034_JB5125696-S,Fachinformatiker für Systemintegration (m/w/d),Piening GmbH Engineering & IT,"Wir suchen Dich!
Piening gehört zu den Top Engineering & IT Dienstleister in Deutschland. An mehr als 90 Standorten in ganz Deutschland gewährleisten wir tagtäglich, dass unsere Mitarbeiter und Kunden unternehmerisch und menschlich wachsen können.
Zufriedene Bewerber, Mitarbeiter und Kundenunternehmen dafür sorgen wir durch Wertschätzung, kontinuierliche Fortbildung und tarifliche Bezahlung auf der einen Seite und langfristige und vertrauensvolle Zusammenarbeit auf der anderen Seite. Das belegen auch die Ergebnisse der regelmäßig durchgeführten Mitarbeiter- und Kundenbefragungen.
Da ist es nur konsequent, dass wir als mittelständisches Familienunternehmen diese Unternehmenskultur auch zum Kern unserer Kommunikation machen:
„Wir bewegen Menschen. Menschen bewegen uns.“

Deine Aufgaben
 • Bearbeitung von Kundenanfragen via Telefon und Ticketsystem
 • Betreuung verschiedener IT-Technologien wie Server, Clients, Storage, Netzwerk, Firewall
 • Betreuung der Windows Clients, Windows Server und Linux Systeme
 • Administration und Monitoring von Kundensystemen
 • Dokumentation

Deine Vorteile
 • Hohe Planungssicherheit durch unbefristeten Arbeitsvertrag
 • Perspektiven durch eine große Auswahl an Branchen und Kunden
 • Flexible Arbeitszeitmodelle für beste Work-Life-Balance
 • Attraktive, leistungsgerechte Vergütungsstrukturen
 • Individuelle Weiterbildungsmöglichkeiten

Deine Qualifikation
 • Eine abgeschlossene IT-Ausbildung oder entsprechende Berufserfahrung
 • Support-Erfahrung im Microsoft-Umfeld, gerne auch mit Linux Systemen
 • Erfahrung in der Betreuung von MS Office 365 Systeme
 • Troubleshooting und Störungsbehebung im Hard- und Softwarebereich
 • Selbstständige und strukturierte Arbeitsweise
 • Sehr gute Deutsch- und Englischkenntnisse

Wir freuen uns auf Deine Bewerbung!
Wir setzen uns für die Beschäftigung schwerbehinderter Menschen ein.
Daher werden Schwerbehinderte und Gleichgestellte bei gleicher Eignung bevorzugt berücksichtigt.",Hamburg,,,,,,
13509-00002110865001-S,Senior IT Architect Collaboration und Content Management (m/w/d),BWI GmbH,"Sorge gemeinsam mit uns für die digitale Zukunftsfähigkeit der Bundeswehr.

Senior IT Architect Collaboration und Content Management (m/w/d)

ab sofort und in Vollzeit bundesweit an einem unserer BWI Standorte.

Als primärer Digitalisierungspartner der Bundeswehr erbringen wir stabile, sichere und effiziente IT-Services im In- und Ausland, vom Grundbetrieb bis in den einsatznahen Bereich und tragen so zur kontinuierlichen Erhöhung der Führungs- und Einsatzfähigkeit der Bundeswehr bei. Mit über 8.000 Kolleg*innen betreiben und modernisieren wir eine der größten und komplexesten IT-Infrastrukturen in Deutschland. Wir suchen verantwortungsvolle IT-Spezialist*innen, die die Bundeswehr-IT aus Überzeugung in herausfordernden Digitalisierungsvorhaben weiterentwickeln und so einen Beitrag zur Sicherheit Deutschlands leisten wollen.

Der Bereich PoD1 Applications (App) unterstützt unseren Kunden und seine Geschäftsprozesse mit passgenauen Lösungen, die sich am digitalen Wandel und der Mobilisierung der Arbeitswelt orientieren. Wir stellen vollumfänglich alle Leistungen / Services eines zukunftsfähigen Application Management zur Verfügung, was sowohl die Applikationsentwicklung als auch den Applikationsbetrieb umfasst. Wir entwickeln Applikationen auf Basis standardisierter Enterpriselösungen für mehrere Tausend Nutzer, welche nach Kundenanforderung von uns individuell modifiziert und angepasst werden (Commercial of the Shelf / Modified of the Shelf). Hierzu gehören insbesondere Internetauftritte, Portale, Wikis, Formular- und Lernmanagementsysteme und weitere Business-Applikationen auf Basis von Webtechnologien. Im Bereich datenzentrierter Projekte decken wir das gesamte Spektrum von der Verprobung neuester wissenschaftlicher Erkenntnisse aus den Forschungsfeldern KI und Data Science, bis hin zur Umsetzung moderner, datengetriebener Systeme ab. Dies umfasst auch die Themen Data Science, KI & Machine Learning. Des weiteren beschaffen und warten wir ergänzend zu den Entwicklungsleistungen auch im Kundenauftrag am Markt verfügbare Commercial of the Shelf Applikationen, sofern diese die Requirements / Business Need des Kunden erfüllen. Wir betreiben und verantworten Applikationen End-to-End im Internet, Intranet und Extranet.

Dein Profil:

- Abgeschlossenes Studium der Informatik oder eine vergleichbare Qualifikation, ITIL-Zertifizierug von Vorteil
- Etwa 5 Jahre Berufserfahrung in der Softwarearchitektur und Anwendungsentwicklung mit Schwerpunkt Java, DevOps sowie CI/CD-Prozessen
- Kenntnisse in Containerisierung und Kubernetes sowie Erfahrung im Design und Umgang mit CI/CD-, GitOps- und IaC-Werkzeugen wie z.B. GitLab CI, ArgoCD und Nexus/Harbor
- Erfahrungen im Applikationsbetrieb und in der Problemanalyse sowie mit Last- und Funktionstests, Verständnis für IT-Servicemanagement-Prozesse (ITIL)
- Fundierte Kenntnisse von Software-Produkten im Umfeld von Collaboration und Content Management Systemen (z.B. Wikis, Digital Asset Management, Tasktrackern)
- Gute Team- und Kommunikationsfähigkeiten, ein analytisches Denkvermögen, Lernbereitschaft sowie eine lösungs- und zielorientierte Arbeitsweise
- Verhandlungssichere Deutsch- sowie gute Englischkenntnisse in Wort und Schrift

Deine Aufgaben:

- Design, Weiterentwicklung und Optimierung von Web-Applikationen im Bereich von Collaboration und Content Management Lösungen
- Begleitung von Projekten über den vollen Lebenszyklus vom Start bis in den Betrieb als Service Architekt im Application Management
- Entwicklung von Erweiterungen und kundenspezifischen Anpassungen sowie Fehlerkorrekturen oder Workarounds
- Realisierung von DevOps-Prozessen für Continuous Integration / Delivery sowie Konzeption und Begleitung von Last- und Funktionstests
- Erstellung und Fortschreibung von Konzept-Dokumenten (Fachkonzepte/IT-Sicherheitskonzepte) sowie Mitwirkung am Problem-, Test- und Change Management
- Mitwirkung an der Erstellung von modellgestützten und codenahen technischen Dokumentationen
- Enge Zusammenarbeit mit den Bereichen Servicemanagement, Engineering und Operation im Service Team

Wir bieten:

- Durch abwechslungsreiche und gesellschaftlich relevante Aufgaben gewährleisten wir den reibungslosen IT-Betrieb und die Digitalisierung der Bundeswehr
- Die BWI bietet eine marktgerechte Vergütung, einen sicheren Arbeitsplatz sowie eine prämierte und arbeitgeberfinanzierte betriebliche Altersvorsorge
- Du startest grundsätzlich mit 30 Tagen Jahresurlaub mit Option auf individueller Anpassung
- Über unsere Benefit-App stehen dir ein monatliches Guthaben und Steuervergünstigungen auf Tickets für den ÖPNV zur Verfügung
- Wir ermöglichen dir Flexibilität, um Beruf und Privatleben in Einklang zu bringen, etwa durch mobiles Arbeiten oder Vertrauensarbeitszeit und dem langfristigen Aufbau eines Wertguthabenkontos für z.B. ein Sabbatical

Haben wir dein Interesse geweckt?

Dann bewirb dich hier

Bei Fragen steht dir das Recruiting-Team unter Angabe der Stellen-ID: 67437 gerne zur Verfügung. Tel.: 02225 988 25000

Sag's gerne weiter!

Frankfurt, Hamburg, Hannover, München, Nürnberg, Ulm, Berlin, Bonn, Leipzig",Berlin,,,,,,
12862-244829-S,IT Service Desk Agent (m/w/d) 1st Level,AMADEUS FIRE AG,"Seit über 30 Jahren bringen wir qualifizierte Bewerber und renommierte Unternehmen zusammen. Mit uns finden Sie schneller, wonach Sie sonst lange suchen!Im Auftrag eines Unternehmens mit Sitz im Herzen von Hamburg suchen wir zum nächstmöglichen Zeitpunkt im Rahmen der Personalvermittlung in Festanstellung bei einem Jahresgehalt von 45.000 bis 50.000 Euro Sie als 
IT Service Desk Agent (m/w/d) 1st Level

Ihre Benefits:
- 30 Tage Urlaub
- Flexible Arbeitszeiten
- Möglichkeit zum Homeoffice
- Zentrale Innenstadtlage
- Moderne Büroausstattung
- Umfassendes Fort- und Weiterbildungsangebot
- HVV-Zuschuss
- Umfassendes Sportangebot
- Dienstfahrrad
- Attraktive Sozialleistungen

Ihre Aufgaben: 
- Analyse, Dokumentation und Bewertung von Fehlersituationen zur effizienten Störungsbehebung
- Qualifizierung und Weiterleitung von Supportanfragen an nachgelagerte Servicestufen (2nd & 3rd Level) zur Sicherstellung eines reibungslosen IT-Betriebs
- Konfiguration und Verwaltung von IT-Hardware (z. B. Notebooks, mobile Endgeräte, IP-Telefone) sowie Betreuung des internen Softwareportfolios
- Durchführung gelegentlicher Vor-Ort-Einsätze im Rahmen des Fieldservice an der Hamburger Zentrale
- Aktive Mitarbeit an bereichsübergreifenden IT-Projekten und Prozessoptimierungen
- Zusammenarbeit mit externen Dienstleistern zur operativen Unterstützung und Qualitätssicherung im Tagesgeschäft

Ihr Profil:
- Erfolgreich abgeschlossene IT-Ausbildung, wie z. B. Fachinformatiker Systemintegration oder vergleichbare Qualifikationen
- Routinierter Umgang mit aktuellen Microsoft-Betriebssystemen, mobiler und stationärer Hardware sowie moderner Software
- Fundierte Kenntnisse im Umgang mit Ticketsystemen
- ITIL-Zertifizierung wünschenswert
- Sehr gute Deutsch- und Englischkenntnisse in Wort und Schrift

",Hamburg,,,,,,
